code,id,name,type
RYG,RYG,,CCG
RYY,RYY,,CCG
RYW,RYW,,CCG
NYF,NYF,,CCG
NCN,NCN,,CCG
NVK,NVK,,CCG
AKV,AKV,,CCG
RTV,RTV,,CCG
AJ3,AJ3,,CCG
RXH,RXH,,CCG
Q45,Q45,,CCG
RJN,RJN,,CCG
NLE,NLE,,CCG
AJ9,AJ9,,CCG
RAJ,RAJ,,CCG
215,215,,CCG
RXK,RXK,,CCG
NL8,NL8,,CCG
RRV,RRV,,CCG
AND,AND,,CCG
RY4,RY4,,CCG
RY5,RY5,,CCG
RY2,RY2,,CCG
RW5,RW5,,CCG
NTV,NTV,,CCG
AQM,AQM,,CCG
RWE,RWE,,CCG
RA9,RA9,,CCG
704,704,,CCG
RGR,RGR,,CCG
ARF,ARF,,CCG
ARG,ARG,,CCG
AJT,AJT,,CCG
Q60,Q60,,CCG
RLY,RLY,,CCG
NRX,NRX,,CCG
311,311,,CCG
508,508,,CCG
NLW,NLW,,CCG
RYJ,RYJ,,CCG
109,109,,CCG
106,106,,CCG
107,107,,CCG
104,104,,CCG
905,905,,CCG
RLQ,RLQ,,CCG
909,909,,CCG
RWN,RWN,,CCG
RWX,RWX,,CCG
NT4,NT4,,CCG
ALK,ALK,,CCG
AT0,AT0,,CCG
609,609,,CCG
DA8,DA8,,CCG
NTP,NTP,,CCG
AWH,AWH,,CCG
RW6,RW6,,CCG
NQH,NQH,,CCG
ATR,ATR,,CCG
RGQ,RGQ,,CCG
Q47,Q47,,CCG
ARD,ARD,,CCG
Q63,Q63,,CCG
NNC,NNC,,CCG
RV9,RV9,,CCG
RCE,RCE,,CCG
615,615,,CCG
RH5,RH5,,CCG
RJ8,RJ8,,CCG
RQ3,RQ3,,CCG
723,723,,CCG
NO0,NO0,,CCG
NLO,NLO,,CCG
NQT,NQT,,CCG
RXE,RXE,,CCG
DAN,DAN,,CCG
DAA,DAA,,CCG
RTQ,RTQ,,CCG
NQL,NQL,,CCG
NQ7,NQ7,,CCG
13F,13F,,CCG
RHA,RHA,,CCG
821,821,,CCG
RTD,RTD,,CCG
RTG,RTG,,CCG
RTF,RTF,,CCG
NLX,NLX,,CCG
RTR,RTR,,CCG
NLL,NLL,,CCG
NL1,NL1,,CCG
RFR,RFR,,CCG
RY8,RY8,,CCG
RY6,RY6,,CCG
RY7,RY7,,CCG
RMY,RMY,,CCG
RMC,RMC,,CCG
RM3,RM3,,CCG
AAR,AAR,,CCG
NR3,NR3,,CCG
RC3,RC3,,CCG
AAX,AAX,,CCG
NR5,NR5,,CCG
RPG,RPG,,CCG
325,325,,CCG
205,205,,CCG
RBZ,RBZ,,CCG
209,209,,CCG
AA8,AA8,,CCG
NI3,NI3,,CCG
414,414,,CCG
413,413,,CCG
319,319,,CCG
313,313,,CCG
310,310,,CCG
RGD,RGD,,CCG
RN3,RN3,,CCG
NQV,NQV,,CCG
RNN,RNN,,CCG
RT2,RT2,,CCG
RY1,RY1,,CCG
DDC,DDC,,CCG
NPR,NPR,,CCG
NLG,NLG,,CCG
ALM,ALM,,CCG
RNA,RNA,,CCG
AJQ,AJQ,,CCG
RWK,RWK,,CCG
NQA,NQA,,CCG
RNU,RNU,,CCG
NDJ,NDJ,,CCG
NMS,NMS,,CCG
AE8,AE8,,CCG
RJ7,RJ7,,CCG
RJ2,RJ2,,CCG
RJ1,RJ1,,CCG
RCD,RCD,,CCG
RCF,RCF,,CCG
RCB,RCB,,CCG
RJC,RJC,,CCG
216,216,,CCG
212,212,,CCG
NAG,NAG,,CCG
211,211,,CCG
218,218,,CCG
219,219,,CCG
RVJ,RVJ,,CCG
RVR,RVR,,CCG
RVW,RVW,,CCG
RX3,RX3,,CCG
NNS,NNS,,CCG
RX4,RX4,,CCG
RXM,RXM,,CCG
RXA,RXA,,CCG
RXC,RXC,,CCG
RXG,RXG,,CCG
RV3,RV3,,CCG
RXQ,RXQ,,CCG
RQX,RQX,,CCG
114,114,,CCG
117,117,,CCG
116,116,,CCG
111,111,,CCG
110,110,,CCG
113,113,,CCG
5A4,5A4,Havering,CCG
NWE,NWE,,CCG
305,305,,CCG
R1F,R1F,,CCG
R1G,R1G,,CCG
R1D,R1D,,CCG
R1E,R1E,,CCG
R1C,R1C,,CCG
R1A,R1A,,CCG
R1J,R1J,,CCG
NEN,NEN,,CCG
ACD,ACD,,CCG
ACH,ACH,,CCG
RRF,RRF,,CCG
AD9,AD9,,CCG
ADT,ADT,,CCG
RDR,RDR,,CCG
AC2,AC2,,CCG
725,725,,CCG
AC6,AC6,,CCG
720,720,,CCG
480,480,,CCG
NKI,NKI,,CCG
RYF,RYF,,CCG
AH7,AH7,,CCG
RYX,RYX,,CCG
NYG,NYG,,CCG
Q52,Q52,,CCG
Q55,Q55,,CCG
Q56,Q56,,CCG
Q59,Q59,,CCG
RY3,RY3,,CCG
RW1,RW1,,CCG
AKQ,AKQ,,CCG
RL4,RL4,,CCG
RE9,RE9,,CCG
613,613,,CCG
Q44,Q44,,CCG
322,322,,CCG
NVE,NVE,,CCG
NVC,NVC,,CCG
NDL,NDL,,CCG
NDA,NDA,,CCG
Q69,Q69,,CCG
Q65,Q65,,CCG
Q67,Q67,,CCG
RQ4,RQ4,,CCG
NX1,NX1,,CCG
R1K,R1K,,CCG
ACV,ACV,,CCG
ADH,ADH,,CCG
5ZZ,5ZZ,,CCG
5ZT,5ZT,,CCG
5ZU,5ZU,,CCG
NHT,NHT,,CCG
RBL,RBL,,CCG
RRE,RRE,,CCG
RXL,RXL,,CCG
5ZX,5ZX,,CCG
5ZW,5ZW,,CCG
NW0,NW0,,CCG
5A5,5A5,Kingston,CCG
5A7,5A7,Bromley,CCG
5A8,5A8,Greenwich Teaching,CCG
5A9,5A9,Barnet,CCG
5AT,5AT,Hillingdon,CCG
5C1,5C1,Enfield,CCG
5C2,5C2,Barking and Dagenham,CCG
5C3,5C3,City and Hackney Teaching,CCG
5C4,5C4,Tower Hamlets,CCG
5C5,5C5,Newham,CCG
5C9,5C9,Haringey Teaching,CCG
5CN,5CN,Herefordshire,CCG
5CQ,5CQ,Milton Keynes,CCG
5D7,5D7,Newcastle,CCG
5D8,5D8,North Tyneside,CCG
5D9,5D9,Hartlepool,CCG
5EF,5EF,North Lincolnshire,CCG
5EM,5EM,Nottingham City,CCG
5ET,5ET,Bassetlaw,CCG
5F1,5F1,Plymouth Teaching,CCG
5F5,5F5,Salford,CCG
5F7,5F7,Stockport,CCG
5FE,5FE,Portsmouth City Teaching,CCG
5FL,5FL,Bath and North East Somerset,CCG
5GC,5GC,Luton,CCG
5H1,5H1,Hammersmith and Fulham,CCG
5H8,5H8,Rotherham,CCG
5HG,5HG,"Ashton, Leigh and Wigan",CCG
5HP,5HP,Blackpool,CCG
5HX,5HX,Ealing,CCG
5HY,5HY,Hounslow,CCG
5J2,5J2,Warrington,CCG
5J4,5J4,Knowsley,CCG
5J5,5J5,Oldham,CCG
5J6,5J6,Calderdale,CCG
R1H,R1H,,CCG
NKB,NKB,,CCG
RFS,RFS,,CCG
AXM,AXM,,CCG
NMG,NMG,,CCG
RX6,RX6,,CCG
AP2,AP2,,CCG
AYN,AYN,,CCG
RXX,RXX,,CCG
R1L,R1L,,CCG
RYA,RYA,,CCG
DG3,DG3,,CCG
NV6,NV6,,CCG
NWC,NWC,,CCG
DEC,DEC,,CCG
AJ6,AJ6,,CCG
RM1,RM1,,CCG
AER,AER,,CCG
DAY,DAY,,CCG
NLF,NLF,,CCG
DLA,DLA,,CCG
RTX,RTX,,CCG
AAV,AAV,,CCG
NNF,NNF,,CCG
DNE,DNE,,CCG
DKH,DKH,,CCG
NMK,NMK,,CCG
RCU,RCU,,CCG
RYK,RYK,,CCG
NEQ,NEQ,,CCG
DNK,DNK,,CCG
DJT,DJT,,CCG
NWX,NWX,,CCG
RRU,RRU,,CCG
NFH,NFH,,CCG
ADN,ADN,,CCG
DQT,DQT,,CCG
DLD,DLD,,CCG
AXG,AXG,,CCG
NCR,NCR,,CCG
NMC,NMC,,CCG
NBF,NBF,,CCG
DL0,DL0,,CCG
RTK,RTK,,CCG
ADP,ADP,,CCG
DR3,DR3,,CCG
ACG,ACG,,CCG
RW4,RW4,,CCG
RX8,RX8,,CCG
DWA,DWA,,CCG
ATP,ATP,,CCG
NV3,NV3,,CCG
RK5,RK5,,CCG
NAX,NAX,,CCG
5JE,5JE,Barnsley,CCG
5JX,5JX,Bury,CCG
5K3,5K3,Swindon,CCG
5K6,5K6,Harrow,CCG
5K9,5K9,Croydon,CCG
5KF,5KF,Gateshead,CCG
5KL,5KL,Sunderland Teaching,CCG
5KM,5KM,Middlesbrough,CCG
5L3,5L3,Medway,CCG
5LC,5LC,Westminster,CCG
5LD,5LD,Lambeth,CCG
5LE,5LE,Southwark,CCG
5LG,5LG,Wandsworth,CCG
5LH,5LH,Tameside and Glossop,CCG
5M1,5M1,South Birmingham,CCG
5M3,5M3,Walsall Teaching,CCG
5M7,5M7,Sutton and Merton,CCG
5M8,5M8,North Somerset,CCG
5MX,5MX,Heart of Birmingham Teaching,CCG
5N1,5N1,Leeds,CCG
5N3,5N3,Wakefield District,CCG
5N4,5N4,Sheffield,CCG
5N6,5N6,Derbyshire County,CCG
5N8,5N8,Nottinghamshire County Teaching,CCG
5NA,5NA,Redbridge,CCG
5NC,5NC,Waltham Forest,CCG
5NE,5NE,Cumbria Teaching,CCG
5NG,5NG,Central Lancashire,CCG
5NJ,5NJ,Sefton,CCG
5NK,5NK,Wirral,CCG
5NL,5NL,Liverpool,CCG
5NN,5NN,Western Cheshire,CCG
5NV,5NV,North Yorkshire and York,CCG
5NX,5NX,Hull Teaching,CCG
5P1,5P1,South East Essex,CCG
5P2,5P2,Bedfordshire,CCG
5P5,5P5,Surrey,CCG
5P7,5P7,East Sussex Downs and Weald,CCG
5P9,5P9,West Kent,CCG
5PC,5PC,Leicester City,CCG
5PD,5PD,Northamptonshire Teaching,CCG
5PF,5PF,Sandwell,CCG
5PH,5PH,North Staffordshire,CCG
5PJ,5PJ,Stoke on Trent,CCG
5PL,5PL,Worcestershire,CCG
5PM,5PM,Warwickshire,CCG
5PP,5PP,Cambridgeshire,CCG
5PQ,5PQ,Norfolk,CCG
5PT,5PT,Suffolk,CCG
5PV,5PV,West Essex,CCG
5PX,5PX,Mid Essex,CCG
5QA,5QA,Eastern and Coastal Kent,CCG
5QC,5QC,Hampshire,CCG
5QE,5QE,Oxfordshire,CCG
5QG,5QG,Berkshire East,CCG
5QH,5QH,Gloucestershire,CCG
5QK,5QK,Wiltshire,CCG
5QL,5QL,Somerset,CCG
5QQ,5QQ,Devon,CCG
5QR,5QR,Redcar and Cleveland,CCG
5HQ,5HQ,Bolton Teaching,CCG
5QV,5QV,Hertfordshire,CCG
5QW,5QW,Solihull,CCG
5A3,5A3,South Gloucestershire,CCG
5E1,5E1,Stockton-on-Tees Teaching,CCG
5J9,5J9,Darlington,CCG
5K7,5K7,Camden,CCG
5MK,5MK,Telford and Wrekin,CCG
5NQ,5NQ,"Heywood, Middleton and Rochdale",CCG
5QN,5QN,Bournemouth and Poole Teaching,CCG
B2M3M,B2M3M,NHS COVENTRY AND WARWICKSHIRE,CCG
00Q,00Q,NHS BLACKBURN WITH DARWEN,CCG
5K5,5K5,Brent Teaching,CCG
5K8,5K8,Islington,CCG
5KG,5KG,South Tyneside,CCG
5L1,5L1,Southampton City,CCG
5LA,5LA,Kensington and Chelsea,CCG
5LF,5LF,Lewisham,CCG
5LQ,5LQ,Brighton and Hove City,CCG
5M2,5M2,Shropshire County,CCG
5M6,5M6,Richmond and Twickenham,CCG
02P,02P,NHS BARNSLEY,CCG
5MD,5MD,Coventry Teaching,CCG
5MV,5MV,Wolverhampton City,CCG
5N2,5N2,Kirklees,CCG
5N5,5N5,Doncaster,CCG
5N7,5N7,Derby City,CCG
5N9,5N9,Lincolnshire Teaching,CCG
5ND,5ND,County Durham,CCG
5NF,5NF,North Lancashire Teaching,CCG
5NH,5NH,East Lancashire Teaching,CCG
5NM,5NM,Halton and St Helens,CCG
5NP,5NP,Central and Eastern Cheshire,CCG
5NR,5NR,Trafford,CCG
5NW,5NW,East Riding of Yorkshire,CCG
5NY,5NY,Bradford and Airedale Teaching,CCG
5P6,5P6,West Sussex,CCG
5P8,5P8,Hastings and Rother,CCG
5PA,5PA,Leicestershire County and Rutland,CCG
5PE,5PE,Dudley,CCG
5PG,5PG,Birmingham East and North,CCG
5PK,5PK,South Staffordshire,CCG
5PN,5PN,Peterborough,CCG
5PR,5PR,Great Yarmouth and Waveney,CCG
5PW,5PW,North East Essex,CCG
5PY,5PY,South West Essex,CCG
5QD,5QD,Buckinghamshire,CCG
5QF,5QF,Berkshire West,CCG
5QJ,5QJ,Bristol,CCG
5QM,5QM,Dorset,CCG
5QP,5QP,Cornwall and Isles of Scilly,CCG
5QT,5QT,Isle of Wight National Health Service,CCG
5NT,5NT,Manchester Teaching,CCG
TAC,TAC,Northumberland,CCG
TAK,TAK,Bexley,CCG
TAL,TAL,Torbay,CCG
TAN,TAN,North East Lincolnshire,CCG
TAP,TAP,Blackburn with Darwen Teaching,CCG
01X,01X,NHS ST HELENS,CCG
13Q,13Q,NATIONAL COMMISSIONING HUB 1,CCG
11N,11N,NHS CORNWALL AND THE ISLES OF SCILLY,CCG
07K,07K,NHS WEST SUFFOLK,CCG
10R,10R,NHS PORTSMOUTH,CCG
03F,03F,NHS HULL,CCG
00T,00T,NHS BOLTON,CCG
112,112,,CCG
15N,15N,NHS DEVON,CCG
11J,11J,NHS DORSET,CCG
D9Y0V,D9Y0V,"NHS HAMPSHIRE, SOUTHAMPTON AND ISLE OF WIGHT",CCG
42D,42D,NHS NORTH YORKSHIRE,CCG
01K,01K,NHS MORECAMBE BAY,CCG
02M,02M,NHS FYLDE AND WYRE,CCG
15L,15L,NATIONAL COMMISSIONING HUB 2,CCG
27T,27T,NORTH WEST COMMISSIONING HUB,CCG
32T,32T,NORTH WEST - H&J COMMISSIONING HUB,CCG
76A,76A,NORTH EAST AND YORKSHIRE - H&J COMMISSIONING HUB,CCG
85J,85J,NORTH EAST AND YORKSHIRE COMMISSIONING HUB,CCG
97T,97T,SOUTH EAST - H&J COMMISSIONING HUB,CCG
X2C4Y,X2C4Y,NHS KIRKLEES,CCG
71E,71E,NHS LINCOLNSHIRE,CCG
06L,06L,NHS IPSWICH AND EAST SUFFOLK,CCG
26A,26A,NHS NORFOLK AND WAVENEY,CCG
RWW,RWW,,CCG
R0B,R0B,,CCG
DXV,DXV,,CCG
01J,01J,NHS KNOWSLEY,CCG
84H,84H,NHS COUNTY DURHAM,CCG
16C,16C,NHS TEES VALLEY,CCG
99C,99C,NHS NORTH TYNESIDE,CCG
M2L0M,M2L0M,"NHS SHROPSHIRE, TELFORD AND WREKIN",CCG
11X,11X,NHS SOMERSET,CCG
05D,05D,NHS EAST STAFFORDSHIRE,CCG
05Q,05Q,NHS SOUTH EAST STAFFORDSHIRE AND SEISDON PENINSULA,CCG
99A,99A,NHS LIVERPOOL,CCG
70F,70F,NHS WEST SUSSEX,CCG
RH8,RH8,,CCG
ATK,ATK,,CCG
AVQ,AVQ,,CCG
NV1,NV1,,CCG
12F,12F,NHS WIRRAL,CCG
01H,01H,NHS NORTH CUMBRIA,CCG
04Y,04Y,NHS CANNOCK CHASE,CCG
02H,02H,NHS WIGAN BOROUGH,CCG
14L,14L,NHS MANCHESTER,CCG
03L,03L,NHS ROTHERHAM,CCG
97R,97R,NHS EAST SUSSEX,CCG
15A,15A,NHS BERKSHIRE WEST,CCG
93C,93C,NHS NORTH CENTRAL LONDON,CCG
W2U3Z,W2U3Z,NHS NORTH WEST LONDON,CCG
15F,15F,NHS LEEDS,CCG
36J,36J,NHS BRADFORD DISTRICT AND CRAVEN,CCG
10Q,10Q,NHS OXFORDSHIRE,CCG
RQ6,RQ6,,CCG
AC0,AC0,,CCG
AXT,AXT,,CCG
99F,99F,NHS CASTLE POINT AND ROCHFORD,CCG
05W,05W,NHS STOKE ON TRENT,CCG
14M,14M,LONDON - H&J COMMISSIONING HUB,CCG
14Q,14Q,MIDLANDS - H&J COMMISSIONING HUB,CCG
14R,14R,EAST OF ENGLAND - H&J COMMISSIONING HUB,CCG
07G,07G,NHS THURROCK,CCG
92A,92A,NHS SURREY HEARTLANDS,CCG
99G,99G,NHS SOUTHEND,CCG
02X,02X,NHS DONCASTER,CCG
03R,03R,NHS WAKEFIELD,CCG
DMH,DMH,,CCG
RDD,RDD,,CCG
RKL,RKL,,CCG
R0A,R0A,,CCG
RGP,RGP,,CCG
13R,13R,LONDON COMMISSIONING HUB,CCG
14A,14A,MIDLANDS COMMISSIONING HUB,CCG
14E,14E,EAST OF ENGLAND COMMISSIONING HUB,CCG
14F,14F,SOUTH WEST COMMISSIONING HUB,CCG
14G,14G,SOUTH EAST COMMISSIONING HUB,CCG
13T,13T,NHS NEWCASTLE GATESHEAD,CCG
14T,14T,SOUTH WEST - H&J COMMISSIONING HUB,CCG
00N,00N,NHS SOUTH TYNESIDE,CCG
01G,01G,NHS SALFORD,CCG
04V,04V,NHS WEST LEICESTERSHIRE,CCG
05G,05G,NHS NORTH STAFFORDSHIRE,CCG
03H,03H,NHS NORTH EAST LINCOLNSHIRE,CCG
02T,02T,NHS CALDERDALE,CCG
06H,06H,NHS CAMBRIDGESHIRE AND PETERBOROUGH,CCG
04C,04C,NHS LEICESTER CITY,CCG
09D,09D,NHS BRIGHTON AND HOVE,CCG
27D,27D,NHS CHESHIRE,CCG
03W,03W,NHS EAST LEICESTERSHIRE AND RUTLAND,CCG
05V,05V,NHS STAFFORD AND SURROUNDS,CCG
00V,00V,NHS BURY,CCG
00R,00R,NHS BLACKPOOL,CCG
00X,00X,NHS CHORLEY AND SOUTH RIBBLE,CCG
00P,00P,NHS SUNDERLAND,CCG
01F,01F,NHS HALTON,CCG
01D,01D,"NHS HEYWOOD, MIDDLETON AND ROCHDALE",CCG
01A,01A,NHS EAST LANCASHIRE,CCG
01T,01T,NHS SOUTH SEFTON,CCG
01V,01V,NHS SOUTHPORT AND FORMBY,CCG
02E,02E,NHS WARRINGTON,CCG
01W,01W,NHS STOCKPORT,CCG
01Y,01Y,NHS TAMESIDE AND GLOSSOP,CCG
02A,02A,NHS TRAFFORD,CCG
03K,03K,NHS NORTH LINCOLNSHIRE,CCG
02G,02G,NHS WEST LANCASHIRE,CCG
03N,03N,NHS SHEFFIELD,CCG
06K,06K,NHS EAST AND NORTH HERTFORDSHIRE,CCG
03Q,03Q,NHS VALE OF YORK,CCG
91Q,91Q,NHS KENT AND MEDWAY,CCG
52R,52R,NHS NOTTINGHAM AND NOTTINGHAMSHIRE,CCG
A3A8R,A3A8R,NHS NORTH EAST LONDON,CCG
72Q,72Q,NHS SOUTH EAST LONDON,CCG
D2P2L,D2P2L,NHS BLACK COUNTRY,CCG
07H,07H,NHS WEST ESSEX,CCG
02Q,02Q,NHS BASSETLAW,CCG
15E,15E,NHS BIRMINGHAM AND SOLIHULL,CCG
15C,15C,"NHS BRISTOL, NORTH SOMERSET AND SOUTH GLOUCESTERSHIRE",CCG
00Y,00Y,NHS OLDHAM,CCG
00L,00L,NHS NORTHUMBERLAND,CCG
02Y,02Y,NHS EAST RIDING OF YORKSHIRE,CCG
14Y,14Y,NHS BUCKINGHAMSHIRE,CCG
M1J4Y,M1J4Y,"NHS BEDFORDSHIRE, LUTON AND MILTON KEYNES",CCG
78H,78H,NHS NORTHAMPTONSHIRE,CCG
92G,92G,"NHS BATH AND NORTH EAST SOMERSET, SWINDON AND WILTSHIRE",CCG
99E,99E,NHS BASILDON AND BRENTWOOD,CCG
06T,06T,NHS NORTH EAST ESSEX,CCG
01E,01E,NHS GREATER PRESTON,CCG
U2G6B,U2G6B,NHS THAMES VALLEY ICB - U2G6B,CCG
36L,36L,NHS SOUTH WEST LONDON,CCG
15M,15M,NHS DERBY AND DERBYSHIRE,CCG
06N,06N,NHS HERTS VALLEYS,CCG
06Q,06Q,NHS MID ESSEX,CCG
11M,11M,NHS GLOUCESTERSHIRE,CCG
18C,18C,NHS HEREFORDSHIRE AND WORCESTERSHIRE,CCG
